# target_aggregate_ops_per_sec (one row per experiment second; step function)
# pattern: 650 / 1950 / 2600 / 1950 / 650
# 4 cycles × 5 steps = 20 steps; 6s per step
1950.000000
1950.000000
1950.000000
1950.000000
1950.000000
1950.000000
5850.000000
5850.000000
5850.000000
5850.000000
5850.000000
5850.000000
7800.000000
7800.000000
7800.000000
7800.000000
7800.000000
7800.000000
5850.000000
5850.000000
5850.000000
5850.000000
5850.000000
5850.000000
1950.000000
1950.000000
1950.000000
1950.000000
1950.000000
1950.000000
1950.000000
1950.000000
1950.000000
1950.000000
1950.000000
1950.000000
5850.000000
5850.000000
5850.000000
5850.000000
5850.000000
5850.000000
7800.000000
7800.000000
7800.000000
7800.000000
7800.000000
7800.000000
5850.000000
5850.000000
5850.000000
5850.000000
5850.000000
5850.000000
1950.000000
1950.000000
1950.000000
1950.000000
1950.000000
1950.000000
1950.000000
1950.000000
1950.000000
1950.000000
1950.000000
1950.000000
5850.000000
5850.000000
5850.000000
5850.000000
5850.000000
5850.000000
7800.000000
7800.000000
7800.000000
7800.000000
7800.000000
7800.000000
5850.000000
5850.000000
5850.000000
5850.000000
5850.000000
5850.000000
1950.000000
1950.000000
1950.000000
1950.000000
1950.000000
1950.000000
1950.000000
1950.000000
1950.000000
1950.000000
1950.000000
1950.000000
5850.000000
5850.000000
5850.000000
5850.000000
5850.000000
5850.000000
7800.000000
7800.000000
7800.000000
7800.000000
7800.000000
7800.000000
5850.000000
5850.000000
5850.000000
5850.000000
5850.000000
5850.000000
1950.000000
1950.000000
1950.000000
1950.000000
1950.000000
1950.000000
