Time_Sec,Active_DB,Throughput_MBps
0.54,A,535.38
1.04,A,788.97
1.54,A,942.84
2.04,A,1188.56
2.54,A,2325.87
3.04,A,3286.06
3.54,A,8752.17
4.04,A,18203.00
4.54,A,19544.66
5.04,A,20033.09
5.55,B,749.15
6.05,B,1036.73
6.55,B,1134.59
7.05,B,1566.07
7.55,B,2724.72
8.05,B,5696.76
8.55,B,13430.97
9.05,B,16768.71
9.55,B,19312.82
10.05,B,19511.52
10.56,A,23024.65
11.06,A,23813.75
11.56,A,23897.21
12.06,A,24376.63
12.56,A,24769.04
13.06,A,25133.62
13.56,A,24621.58
14.06,A,24529.05
14.56,A,24291.70
15.06,A,24294.81
15.56,B,23350.55
16.07,B,23639.87
16.57,B,23146.22
17.07,B,23818.92
17.57,B,23031.41
18.07,B,23917.44
18.57,B,23556.40
19.07,B,23997.23
19.57,B,24164.60
20.07,B,23149.65
20.57,A,23986.53
21.07,A,24401.27
21.57,A,22859.47
22.08,A,23551.14
22.58,A,23703.97
23.08,A,23998.44
23.58,A,23706.37
24.08,A,24231.33
24.58,A,23634.50
25.08,A,23736.11
25.58,B,23270.01
26.08,B,21447.11
26.58,B,23355.66
27.09,B,23908.48
27.59,B,23609.15
28.09,B,23750.79
28.59,B,23213.55
29.09,B,23761.01
29.59,B,22430.74
30.09,B,22220.68
30.59,A,26458.29
31.09,A,26164.33
31.60,A,25161.26
32.10,A,24301.52
32.60,A,24536.75
33.10,A,24029.11
33.60,A,23814.05
34.10,A,23081.42
34.60,A,23359.78
35.10,A,23211.55
35.60,B,22924.20
36.10,B,23785.73
36.60,B,23451.74
37.11,B,23243.78
37.61,B,24343.70
38.11,B,24650.16
38.61,B,23587.69
39.11,B,23392.15
39.61,B,23290.58
40.11,B,23434.25
40.61,A,26654.45
41.11,A,24853.83
41.61,A,23979.03
42.12,A,23461.05
42.62,A,23890.43
43.12,A,23936.21
43.62,A,22933.87
44.12,A,24708.19
44.62,A,23754.94
45.12,A,24440.04
45.62,B,26026.21
46.12,B,23121.05
46.62,B,23177.51
47.12,B,23389.25
47.63,B,23390.44
48.13,B,23119.32
48.63,B,23258.17
49.13,B,23541.35
49.63,B,23592.60
50.13,B,23488.02
50.63,A,25109.69
51.13,A,23309.90
51.63,A,23720.37
52.13,A,23681.31
52.63,A,24033.33
53.14,A,24408.86
53.64,A,24114.06
54.14,A,24266.71
54.64,A,23373.62
55.14,A,23962.61
55.64,B,26779.08
56.14,B,25751.86
56.64,B,22779.88
57.14,B,23600.06
57.64,B,23934.43
58.14,B,22814.07
58.64,B,23085.03
59.14,B,21289.25
59.65,B,23063.90
60.15,B,23483.77
60.65,A,26876.72
61.15,A,25025.59
61.65,A,24110.65
62.15,A,24275.57
62.65,A,25005.17
63.15,A,24799.37
63.65,A,24310.33
64.15,A,23833.41
64.65,A,24047.83
65.16,A,23913.16
65.66,B,23502.82
66.16,B,23220.45
66.66,B,22625.02
67.16,B,23313.38
67.66,B,23374.59
68.16,B,23083.90
68.66,B,23512.29
69.16,B,23493.59
69.66,B,22880.42
70.16,B,22888.33
70.67,A,24959.34
71.17,A,23460.41
71.67,A,23258.45
72.17,A,23494.76
72.67,A,23897.31
73.17,A,23740.24
73.67,A,23744.08
74.17,A,23479.13
74.67,A,23169.98
75.17,A,24133.29
75.68,B,22731.47
76.18,B,23706.13
76.68,B,23036.31
77.18,B,22991.27
77.68,B,23497.50
78.18,B,23549.55
78.68,B,23614.79
79.18,B,23596.82
79.68,B,22245.20
80.18,B,22795.23
80.69,A,25056.62
81.19,A,25699.66
81.69,A,24555.95
82.19,A,25392.14
82.69,A,25327.66
83.19,A,25870.81
83.69,A,25647.49
84.19,A,25388.90
84.69,A,25583.37
85.19,A,25220.80
85.70,B,23055.99
86.20,B,23512.89
86.70,B,23116.33
87.20,B,23494.71
87.70,B,22333.32
88.20,B,23131.58
88.70,B,23614.98
89.20,B,23365.60
89.70,B,22863.84
90.20,B,22428.18
90.70,A,26314.12
91.21,A,24648.06
91.71,A,24023.84
92.21,A,24036.68
92.71,A,24089.48
93.21,A,23814.50
93.71,A,23789.21
94.21,A,23776.97
94.71,A,23747.60
95.21,A,23547.50
95.71,B,24004.68
96.21,B,23693.57
96.72,B,23992.47
97.22,B,23924.11
97.72,B,23803.19
98.22,B,23852.84
98.72,B,23952.74
99.22,B,23857.08
99.72,B,23848.35
100.22,B,23493.95
100.72,A,24340.52
101.22,A,24462.44
101.72,A,23782.53
102.22,A,23683.34
102.73,A,24168.58
103.23,A,23963.31
103.73,A,24251.49
104.23,A,24401.02
104.73,A,23655.05
105.23,A,24466.55
105.73,B,23990.90
106.23,B,23437.33
106.73,B,23591.10
107.23,B,23272.61
107.73,B,23035.13
108.24,B,22795.09
108.74,B,24023.70
109.24,B,23609.92
109.74,B,22948.03
110.24,B,22934.35
110.74,A,24108.41
111.24,A,23689.12
111.74,A,24598.98
112.24,A,23884.13
112.74,A,23220.34
113.24,A,23027.56
113.74,A,23500.03
114.25,A,23434.37
114.75,A,22771.29
115.25,A,23166.67
115.75,B,24095.33
116.25,B,22676.58
116.75,B,22845.87
117.25,B,23428.14
117.75,B,23534.08
118.25,B,23077.07
118.75,B,22521.24
119.25,B,21944.88
119.75,B,22390.78
120.26,B,22924.44
120.76,A,24826.29
121.26,A,24318.77
121.76,A,23135.48
122.26,A,23519.89
122.76,A,24378.64
123.26,A,24768.03
123.76,A,24576.16
124.26,A,23202.82
124.76,A,23743.28
125.26,A,23786.06
125.77,B,25294.77
126.27,B,24165.92
126.77,B,23789.37
127.27,B,23029.46
127.77,B,23216.76
128.27,B,23298.73
128.77,B,23343.37
129.27,B,23370.84
129.77,B,23869.17
130.27,B,23415.51
130.78,A,24142.68
131.28,A,24361.44
131.78,A,24423.52
132.28,A,23552.89
132.78,A,24014.16
133.28,A,23911.05
133.78,A,22627.91
134.28,A,22734.36
134.78,A,23959.30
135.28,A,23959.14
135.79,B,23559.20
136.29,B,23527.45
136.79,B,23560.51
137.29,B,23375.61
137.79,B,22846.16
138.29,B,22128.22
138.79,B,22560.22
139.29,B,22505.23
139.79,B,22409.60
140.29,B,22794.57
140.80,A,25035.52
141.30,A,24148.48
141.80,A,23505.51
142.30,A,24211.39
142.80,A,24450.29
143.30,A,23136.55
143.80,A,23855.48
144.30,A,23238.39
144.80,A,23309.97
145.30,A,23823.26
145.81,B,23508.96
146.31,B,23108.48
146.81,B,23013.53
147.31,B,23631.32
147.81,B,24162.62
148.31,B,23474.90
148.81,B,23610.56
149.31,B,23445.88
149.81,B,23498.25
150.31,B,23464.10
150.81,A,25345.00
151.32,A,24725.99
151.82,A,24194.75
152.32,A,24155.24
152.82,A,23242.93
153.32,A,23850.58
153.82,A,24154.50
154.32,A,23763.21
154.82,A,24003.19
155.32,A,23521.54
155.82,B,22614.45
156.32,B,22855.81
156.83,B,22853.60
157.33,B,22419.86
157.83,B,22896.04
158.33,B,23458.96
158.83,B,23301.57
159.33,B,22926.54
159.83,B,22990.73
160.33,B,23020.48
160.83,A,26312.17
161.33,A,24840.23
161.83,A,23328.91
162.34,A,23834.17
162.84,A,23365.74
163.34,A,23780.08
163.84,A,23343.66
164.34,A,23581.50
164.84,A,23089.62
165.34,A,23342.07
165.84,B,24051.98
166.34,B,23513.63
166.84,B,22977.89
167.34,B,23649.98
167.84,B,23135.20
168.34,B,23527.27
168.85,B,22882.35
169.35,B,23783.57
169.85,B,23329.27
170.35,B,23221.24
170.85,A,25046.01
171.35,A,23787.13
171.85,A,23585.91
172.35,A,23605.66
172.85,A,23994.41
173.35,A,23393.31
173.85,A,23367.91
174.36,A,23732.16
174.86,A,23489.95
175.36,A,24783.40
175.86,B,23072.52
176.36,B,22793.84
176.86,B,23382.35
177.36,B,23027.16
177.86,B,24122.95
178.36,B,23274.86
178.86,B,23867.61
179.36,B,23363.10
179.86,B,23956.11
180.37,B,23815.96
